<DebitNote xmlns="urn:oasis:names:specification:ubl:schema:xsd:DebitNote-2" xmlns:cac="urn:oasis:names:specification:ubl:schema:xsd:CommonAggregateComponents-2" xmlns:cbc="urn:oasis:names:specification:ubl:schema:xsd:CommonBasicComponents-2" xmlns:ccts="urn:un:unece:uncefact:documentation:2" xmlns:ds="http://www.w3.org/2000/09/xmldsig#" xmlns:ext="urn:oasis:names:specification:ubl:schema:xsd:CommonExtensionComponents-2" xmlns:qdt="urn:oasis:names:specification:ubl:schema:xsd:QualifiedDatatypes-2" xmlns:sac="urn:sunat:names:specification:ubl:peru:schema:xsd:SunatAggregateComponents-1" xmlns:udt="urn:un:unece:uncefact:data:specification:UnqualifiedDataTypesSchemaModule:2" xmlns:xsi="http://www.w3.org/2001/XMLSchema-instance">
	<ext:UBLExtensions>
	<ext:UBLExtension>
			<ext:ExtensionContent>
				<ds:Signature>
					<ds:SignedInfo>
						<ds:CanonicalizationMethod Algorithm="http://www.w3.org/TR/2001/REC-xml-c14n-20010315"/>
						<ds:SignatureMethod Algorithm="http://www.w3.org/2000/09/xmldsig#rsa-sha1"/>
						<ds:Reference URI="">
							<ds:Transforms>
								<ds:Transform Algorithm="http://www.w3.org/2000/09/xmldsig#enveloped-signature"/>
							</ds:Transforms>
							<ds:DigestMethod Algorithm="http://www.w3.org/2000/09/xmldsig#sha1"/>
							<ds:DigestValue/>
						</ds:Reference>
					</ds:SignedInfo>
					<ds:SignatureValue/>
					<ds:KeyInfo>
						<ds:X509Data>
							<ds:X509Certificate/>
						</ds:X509Data>
					</ds:KeyInfo>
				</ds:Signature>
			</ext:ExtensionContent>
		</ext:UBLExtension>
	</ext:UBLExtensions>
	<cbc:UBLVersionID>2.1</cbc:UBLVersionID>
	<cbc:CustomizationID>2.0</cbc:CustomizationID>
	<cbc:ID>FD01-00000011</cbc:ID>
	<cbc:IssueDate>2019-04-01</cbc:IssueDate>
	<cbc:IssueTime>07:27:05</cbc:IssueTime>	
	<cbc:Note languageLocaleID="1000">ONCE MIL OCHOCIENTOS  UNO Y 0/100 SOLES</cbc:Note>
	<cbc:DocumentCurrencyCode>PEN</cbc:DocumentCurrencyCode>
	<cac:DiscrepancyResponse>
		<cbc:ReferenceID>F001-00000016</cbc:ReferenceID>
		<cbc:ResponseCode>01</cbc:ResponseCode>
		<cbc:Description><![CDATA[qwer]]></cbc:Description>
	</cac:DiscrepancyResponse>
	<cac:BillingReference>
		<cac:InvoiceDocumentReference>
			<cbc:ID>FD01-00000011</cbc:ID>
			<cbc:DocumentTypeCode>01</cbc:DocumentTypeCode>
		</cac:InvoiceDocumentReference>
	</cac:BillingReference>
	<cac:Signature>
		<cbc:ID>SFD01-00000011</cbc:ID>
		<cac:SignatoryParty>
			<cac:PartyIdentification>
				<cbc:ID>20603408111</cbc:ID>
			</cac:PartyIdentification>
			<cac:PartyName>
				<cbc:Name><![CDATA[LABORATORIOS AC FARMA S.A.]]></cbc:Name>
			</cac:PartyName>
		</cac:SignatoryParty>
		<cac:DigitalSignatureAttachment>
			<cac:ExternalReference>
				<cbc:URI>#SFD01-00000011</cbc:URI>
			</cac:ExternalReference>
		</cac:DigitalSignatureAttachment>
	</cac:Signature>
	<cac:AccountingSupplierParty>
    <cac:Party>
      <cac:PartyIdentification>
        <cbc:ID schemeID="6" schemeName="Documento de Identidad" schemeAgencyName="PE:SUNAT" schemeURI="urn:pe:gob:sunat:cpe:see:gem:catalogos:catalogo06">20603408111</cbc:ID>
      </cac:PartyIdentification>
      <cac:PartyName>
        <cbc:Name/>
      </cac:PartyName>
      <cac:PartyLegalEntity>
        <cbc:RegistrationName><![CDATA[LABORATORIOS AC FARMA S.A.]]></cbc:RegistrationName>
        <cac:RegistrationAddress>
          <cbc:AddressTypeCode>150101</cbc:AddressTypeCode>
        </cac:RegistrationAddress>
      </cac:PartyLegalEntity>
    </cac:Party>
  </cac:AccountingSupplierParty>

	 <cac:AccountingCustomerParty>
    <cac:Party>
      <cac:PartyIdentification>
        <cbc:ID schemeID="6" schemeName="Documento de Identidad" schemeAgencyName="PE:SUNAT" schemeURI="urn:pe:gob:sunat:cpe:see:gem:catalogos:catalogo06">20601190614</cbc:ID>
      </cac:PartyIdentification>
      <cac:PartyLegalEntity>
        <cbc:RegistrationName><![CDATA[MEDICAL INSURANCE EIRL]]></cbc:RegistrationName>
      </cac:PartyLegalEntity>
    </cac:Party>
  </cac:AccountingCustomerParty>

<cac:TaxTotal><cbc:TaxAmount currencyID="PEN">1800.0</cbc:TaxAmount><cac:TaxSubtotal><cbc:TaxableAmount currencyID="PEN">10001.0</cbc:TaxableAmount><cbc:TaxAmount currencyID="PEN">1800.0</cbc:TaxAmount><cac:TaxCategory><cbc:ID schemeID="UN/ECE 5305" schemeName="Tax Category Identifier" schemeAgencyName="United Nations Economic Commission for Europe">S</cbc:ID><cac:TaxScheme><cbc:ID schemeID="UN/ECE 5153" schemeAgencyID="6">1000</cbc:ID><cbc:Name>IGV</cbc:Name><cbc:TaxTypeCode>VAT</cbc:TaxTypeCode></cac:TaxScheme></cac:TaxCategory></cac:TaxSubtotal><cac:TaxSubtotal><cbc:TaxableAmount currencyID="PEN">1.0</cbc:TaxableAmount><cbc:TaxAmount currencyID="PEN">0.0</cbc:TaxAmount><cac:TaxCategory><cbc:ID schemeID="UN/ECE 5305" schemeName="Tax Category Identifier" schemeAgencyName="United Nations Economic Commission for Europe">O</cbc:ID><cac:TaxScheme><cbc:ID schemeID="UN/ECE 5153" schemeAgencyID="6">9998</cbc:ID><cbc:Name>INA</cbc:Name><cbc:TaxTypeCode>FRE</cbc:TaxTypeCode></cac:TaxScheme></cac:TaxCategory></cac:TaxSubtotal></cac:TaxTotal><cac:RequestedMonetaryTotal><cbc:PayableAmount currencyID="PEN">11801.0</cbc:PayableAmount></cac:RequestedMonetaryTotal><cac:DebitNoteLine><cbc:ID>1</cbc:ID><cbc:DebitedQuantity unitCode="ZZ" unitCodeListID="UN/ECE rec 20" unitCodeListAgencyName="United Nations Economic Commission for Europe">1.0</cbc:DebitedQuantity><cbc:LineExtensionAmount currencyID="PEN">10000.0</cbc:LineExtensionAmount><cac:PricingReference><cac:AlternativeConditionPrice><cbc:PriceAmount currencyID="PEN">11800.0</cbc:PriceAmount><cbc:PriceTypeCode listName="Tipo de Precio" listAgencyName="PE:SUNAT" listURI="urn:pe:gob:sunat:cpe:see:gem:catalogos:catalogo16">01</cbc:PriceTypeCode></cac:AlternativeConditionPrice></cac:PricingReference><cac:TaxTotal><cbc:TaxAmount currencyID="PEN">1800.0</cbc:TaxAmount><cac:TaxSubtotal><cbc:TaxableAmount currencyID="PEN">10000.0</cbc:TaxableAmount><cbc:TaxAmount currencyID="PEN">1800.0</cbc:TaxAmount><cac:TaxCategory><cbc:ID schemeID="UN/ECE 5305" schemeName="Tax Category Identifier" schemeAgencyName="United Nations Economic Commission for Europe">S</cbc:ID><cbc:Percent>18.0</cbc:Percent><cbc:TaxExemptionReasonCode listAgencyName="PE:SUNAT" listName="SUNAT:Codigo de Tipo de Afectaci&#243;n del IGV" listURI="urn:pe:gob:sunat:cpe:see:gem:catalogos:catalogo07">10</cbc:TaxExemptionReasonCode><cac:TaxScheme><cbc:ID schemeID="UN/ECE 5153" schemeName="Tax Scheme Identifier" schemeAgencyName="United Nations Economic Commission for Europe">1000</cbc:ID><cbc:Name>IGV</cbc:Name><cbc:TaxTypeCode>VAT</cbc:TaxTypeCode></cac:TaxScheme></cac:TaxCategory></cac:TaxSubtotal></cac:TaxTotal><cac:Item><cbc:Description><![CDATA[[CCE] Combo cl&#225;sica especial]]></cbc:Description><cac:SellersItemIdentification><cbc:ID>109</cbc:ID></cac:SellersItemIdentification></cac:Item><cac:Price><cbc:PriceAmount currencyID="PEN">10000.0</cbc:PriceAmount></cac:Price></cac:DebitNoteLine><cac:DebitNoteLine><cbc:ID>2</cbc:ID><cbc:DebitedQuantity unitCode="ZZ" unitCodeListID="UN/ECE rec 20" unitCodeListAgencyName="United Nations Economic Commission for Europe">1.0</cbc:DebitedQuantity><cbc:LineExtensionAmount currencyID="PEN">1.0</cbc:LineExtensionAmount><cac:PricingReference><cac:AlternativeConditionPrice><cbc:PriceAmount currencyID="PEN">1.0</cbc:PriceAmount><cbc:PriceTypeCode listName="Tipo de Precio" listAgencyName="PE:SUNAT" listURI="urn:pe:gob:sunat:cpe:see:gem:catalogos:catalogo16">01</cbc:PriceTypeCode></cac:AlternativeConditionPrice></cac:PricingReference><cac:TaxTotal><cbc:TaxAmount currencyID="PEN">0.0</cbc:TaxAmount><cac:TaxSubtotal><cbc:TaxableAmount currencyID="PEN">1.0</cbc:TaxableAmount><cbc:TaxAmount currencyID="PEN">0.0</cbc:TaxAmount><cac:TaxCategory><cbc:ID schemeID="UN/ECE 5305" schemeName="Tax Category Identifier" schemeAgencyName="United Nations Economic Commission for Europe">O</cbc:ID><cbc:Percent>0.0</cbc:Percent><cbc:TaxExemptionReasonCode listAgencyName="PE:SUNAT" listName="SUNAT:Codigo de Tipo de Afectaci&#243;n del IGV" listURI="urn:pe:gob:sunat:cpe:see:gem:catalogos:catalogo07">30</cbc:TaxExemptionReasonCode><cac:TaxScheme><cbc:ID schemeID="UN/ECE 5153" schemeName="Tax Scheme Identifier" schemeAgencyName="United Nations Economic Commission for Europe">9998</cbc:ID><cbc:Name>INA</cbc:Name><cbc:TaxTypeCode>FRE</cbc:TaxTypeCode></cac:TaxScheme></cac:TaxCategory></cac:TaxSubtotal></cac:TaxTotal><cac:Item><cbc:Description><![CDATA[[AL] Arriendo Local]]></cbc:Description><cac:SellersItemIdentification><cbc:ID>110</cbc:ID></cac:SellersItemIdentification></cac:Item><cac:Price><cbc:PriceAmount currencyID="PEN">1.0</cbc:PriceAmount></cac:Price></cac:DebitNoteLine></DebitNote>