<DespatchAdvice xmlns="urn:oasis:names:specification:ubl:schema:xsd:DespatchAdvice-2" xmlns:cac="urn:oasis:names:specification:ubl:schema:xsd:CommonAggregateComponents-2" xmlns:cbc="urn:oasis:names:specification:ubl:schema:xsd:CommonBasicComponents-2" xmlns:ccts="urn:un:unece:uncefact:documentation:2" xmlns:ds="http://www.w3.org/2000/09/xmldsig#" xmlns:ext="urn:oasis:names:specification:ubl:schema:xsd:CommonExtensionComponents-2" xmlns:qdt="urn:oasis:names:specification:ubl:schema:xsd:QualifiedDatatypes-2" xmlns:sac="urn:sunat:names:specification:ubl:peru:schema:xsd:SunatAggregateComponents-1" xmlns:udt="urn:un:unece:uncefact:data:specification:UnqualifiedDataTypesSchemaModule:2" xmlns:xsi="http://www.w3.org/2001/XMLSchema-instance">
  <ext:UBLExtensions>
    <ext:UBLExtension>
      <ext:ExtensionContent>
      <ds:Signature>
					<ds:SignedInfo>
						<ds:CanonicalizationMethod Algorithm="http://www.w3.org/TR/2001/REC-xml-c14n-20010315"/>
						<ds:SignatureMethod Algorithm="http://www.w3.org/2000/09/xmldsig#rsa-sha1"/>
						<ds:Reference URI="">
							<ds:Transforms>
								<ds:Transform Algorithm="http://www.w3.org/2000/09/xmldsig#enveloped-signature"/>
							</ds:Transforms>
							<ds:DigestMethod Algorithm="http://www.w3.org/2000/09/xmldsig#sha1"/>
							<ds:DigestValue/>
						</ds:Reference>
					</ds:SignedInfo>
					<ds:SignatureValue/>
					<ds:KeyInfo>
						<ds:X509Data>
							<ds:X509Certificate/>
						</ds:X509Data>
					</ds:KeyInfo>
				</ds:Signature>
      </ext:ExtensionContent>
    </ext:UBLExtension>
  </ext:UBLExtensions>
  <cbc:UBLVersionID>2.1</cbc:UBLVersionID>
  <cbc:CustomizationID>1.0</cbc:CustomizationID>
  <cbc:ID>T002-00000005</cbc:ID>
  <cbc:IssueDate>2019-04-01</cbc:IssueDate>
  <cbc:DespatchAdviceTypeCode>09</cbc:DespatchAdviceTypeCode>
  <cbc:Note>Nota de guia</cbc:Note>
  <cac:Signature>
    <cbc:ID>T002-00000005</cbc:ID>
    <cac:SignatoryParty>
      <cac:PartyIdentification>
        <cbc:ID>20603408111</cbc:ID>
      </cac:PartyIdentification>
      <cac:PartyName>
        <cbc:Name><![CDATA[LABORATORIOS AC FARMA S.A.]]></cbc:Name>
      </cac:PartyName>
    </cac:SignatoryParty>
    <cac:DigitalSignatureAttachment>
      <cac:ExternalReference>
        <cbc:URI>#ST002-00000005</cbc:URI>
      </cac:ExternalReference>
    </cac:DigitalSignatureAttachment>
  </cac:Signature>
  <cac:DespatchSupplierParty>
    <cbc:CustomerAssignedAccountID schemeID="6">20603408111</cbc:CustomerAssignedAccountID>
    <cac:Party>
      <cac:PartyLegalEntity>
        <cbc:RegistrationName><![CDATA[LABORATORIOS AC FARMA S.A.]]></cbc:RegistrationName>
      </cac:PartyLegalEntity>
    </cac:Party>
  </cac:DespatchSupplierParty>
  <cac:DeliveryCustomerParty>
    <cbc:CustomerAssignedAccountID schemeID="6">20501543277</cbc:CustomerAssignedAccountID>
    <cac:Party>
      <cac:PartyLegalEntity>
        <cbc:RegistrationName><![CDATA[ALKOFARMA E.I.R.L.]]></cbc:RegistrationName>
      </cac:PartyLegalEntity>
    </cac:Party>
  </cac:DeliveryCustomerParty>
  <cac:Shipment>
    <cbc:ID>00000005</cbc:ID>
    <cbc:HandlingCode>01</cbc:HandlingCode>
    <cbc:Information>VENTA DIRECTA</cbc:Information>
    <cbc:GrossWeightMeasure unitCode="KGM">1.0</cbc:GrossWeightMeasure>
    <cbc:SplitConsignmentIndicator>false</cbc:SplitConsignmentIndicator>
    <cac:ShipmentStage>
      <cbc:TransportModeCode>01</cbc:TransportModeCode>
      <cac:TransitPeriod>
        <cbc:StartDate>2019-04-01</cbc:StartDate>
      </cac:TransitPeriod>
      <cac:CarrierParty>
        <cac:PartyIdentification>
          <cbc:ID>20603408111</cbc:ID>
        </cac:PartyIdentification>
        <cac:PartyName>
          <cbc:Name><![CDATA[Transportes Per&#250;]]></cbc:Name>
        </cac:PartyName>
      </cac:CarrierParty>
    </cac:ShipmentStage>
    <cac:Delivery>
      <cac:DeliveryAddress>
        <cbc:ID>150204</cbc:ID>
        <cbc:StreetName><![CDATA[JR. VICTOR LI CARRILLO NRO. 521 URB.  CONDEVILLA  (ALT. CDRA 5 AV. UNIVERSITARIA)  LIMA]]></cbc:StreetName>
        <cac:Country>
          <cbc:IdentificationCode>PE</cbc:IdentificationCode>
        </cac:Country>
      </cac:DeliveryAddress>
    </cac:Delivery>
    <cac:OriginAddress>
      <cbc:ID>150101</cbc:ID>
      <cbc:StreetName><![CDATA[CAL.LOS HORNOS NRO. 110 URB.  INDUSTRIAL VULCANO  (CDRA 4 AV SANTA FELICIA)  LIMA]]></cbc:StreetName>
      <cac:Country>
        <cbc:IdentificationCode>PE</cbc:IdentificationCode>
      </cac:Country>
    </cac:OriginAddress>
  </cac:Shipment>
  <cac:DespatchLine><cbc:ID>1</cbc:ID><cbc:DeliveredQuantity unitCode="ZZ">2.0</cbc:DeliveredQuantity><cac:OrderLineReference><cbc:LineID>1</cbc:LineID></cac:OrderLineReference><cac:Item><cbc:Name><![CDATA[Combo cl&#225;sica especial]]></cbc:Name><cac:SellersItemIdentification><cbc:ID>4</cbc:ID></cac:SellersItemIdentification></cac:Item></cac:DespatchLine></DespatchAdvice>