<?xml version="1.0" encoding="ISO-8859-1" standalone="no"?>
<CreditNote
	xmlns="urn:oasis:names:specification:ubl:schema:xsd:CreditNote-2"
	xmlns:cac="urn:oasis:names:specification:ubl:schema:xsd:CommonAggregateComponents-2"
	xmlns:cbc="urn:oasis:names:specification:ubl:schema:xsd:CommonBasicComponents-2"
	xmlns:ccts="urn:un:unece:uncefact:documentation:2"
	xmlns:ds="http://www.w3.org/2000/09/xmldsig#"
	xmlns:ext="urn:oasis:names:specification:ubl:schema:xsd:CommonExtensionComponents-2"
	xmlns:qdt="urn:oasis:names:specification:ubl:schema:xsd:QualifiedDatatypes-2"
	xmlns:sac="urn:sunat:names:specification:ubl:peru:schema:xsd:SunatAggregateComponents-1"
	xmlns:udt="urn:un:unece:uncefact:data:specification:UnqualifiedDataTypesSchemaModule:2"
	xmlns:xsi="http://www.w3.org/2001/XMLSchema-instance">
	<ext:UBLExtensions>
		<ext:UBLExtension>
			<ext:ExtensionContent>
				<ds:Signature>
					<ds:SignedInfo>
						<ds:CanonicalizationMethod Algorithm="http://www.w3.org/TR/2001/REC-xml-c14n-20010315"/>
						<ds:SignatureMethod Algorithm="http://www.w3.org/2000/09/xmldsig#rsa-sha1"/>
						<ds:Reference URI="">
							<ds:Transforms>
								<ds:Transform Algorithm="http://www.w3.org/2000/09/xmldsig#enveloped-signature"/>
							</ds:Transforms>
							<ds:DigestMethod Algorithm="http://www.w3.org/2000/09/xmldsig#sha1"/>
							<ds:DigestValue></ds:DigestValue>
						</ds:Reference>
					</ds:SignedInfo>
					<ds:SignatureValue></ds:SignatureValue>
					<ds:KeyInfo>
						<ds:X509Data>
							<ds:X509Certificate></ds:X509Certificate>
						</ds:X509Data>
					</ds:KeyInfo>
				</ds:Signature>
			</ext:ExtensionContent>
		</ext:UBLExtension>
	</ext:UBLExtensions>
	<cbc:UBLVersionID>2.1</cbc:UBLVersionID>
	<cbc:CustomizationID>2.0</cbc:CustomizationID>
	<cbc:ID></cbc:ID>
	<cbc:IssueDate></cbc:IssueDate>
	<cbc:IssueTime></cbc:IssueTime>	
	<cbc:Note></cbc:Note>
	<cbc:DocumentCurrencyCode></cbc:DocumentCurrencyCode>
	<cac:DiscrepancyResponse>
		<cbc:ReferenceID></cbc:ReferenceID>
		<cbc:ResponseCode></cbc:ResponseCode>
		<cbc:Description></cbc:Description>
	</cac:DiscrepancyResponse>
	<cac:BillingReference>
		<cac:InvoiceDocumentReference>
			<cbc:ID></cbc:ID>
			<cbc:DocumentTypeCode></cbc:DocumentTypeCode>
		</cac:InvoiceDocumentReference>
	</cac:BillingReference>
	<cac:Signature>
		<cbc:ID></cbc:ID>
		<cac:SignatoryParty>
			<cac:PartyIdentification>
				<cbc:ID></cbc:ID>
			</cac:PartyIdentification>
			<cac:PartyName>
				<cbc:Name></cbc:Name>
			</cac:PartyName>
		</cac:SignatoryParty>
		<cac:DigitalSignatureAttachment>
			<cac:ExternalReference>
				<cbc:URI></cbc:URI>
			</cac:ExternalReference>
		</cac:DigitalSignatureAttachment>
	</cac:Signature>
	<cac:AccountingSupplierParty>
    <cac:Party>
      <cac:PartyIdentification>
        <cbc:ID schemeID="" schemeName="Documento de Identidad" schemeAgencyName="PE:SUNAT" schemeURI="urn:pe:gob:sunat:cpe:see:gem:catalogos:catalogo06"></cbc:ID>
      </cac:PartyIdentification>
      <cac:PartyName>
        <cbc:Name></cbc:Name>
      </cac:PartyName>
      <cac:PartyLegalEntity>
        <cbc:RegistrationName></cbc:RegistrationName>
        <cac:RegistrationAddress>
          <cbc:AddressTypeCode></cbc:AddressTypeCode>
        </cac:RegistrationAddress>
      </cac:PartyLegalEntity>
    </cac:Party>
  </cac:AccountingSupplierParty>

  <cac:AccountingCustomerParty>
    <cac:Party>
      <cac:PartyIdentification>
        <cbc:ID schemeID="" schemeName="Documento de Identidad" schemeAgencyName="PE:SUNAT" schemeURI="urn:pe:gob:sunat:cpe:see:gem:catalogos:catalogo06"></cbc:ID>
      </cac:PartyIdentification>
      <cac:PartyLegalEntity>
        <cbc:RegistrationName></cbc:RegistrationName>
      </cac:PartyLegalEntity>
    </cac:Party>
  </cac:AccountingCustomerParty>

	<cac:TaxTotal>
	<cbc:TaxAmount currencyID=""></cbc:TaxAmount>
	<cac:TaxSubtotal>
		<cbc:TaxableAmount currencyID="PEN"></cbc:TaxableAmount>
		<cbc:TaxAmount currencyID="PEN"></cbc:TaxAmount>
		<cac:TaxCategory>
		<cbc:ID schemeID="UN/ECE 5305" schemeName="Tax Category Identifier" schemeAgencyName="United Nations Economic Commission for Europe"></cbc:ID>
			<cac:TaxScheme>
				<cbc:ID schemeID="UN/ECE 5153" schemeAgencyID="6"></cbc:ID>
				<cbc:Name></cbc:Name>
				<cbc:TaxTypeCode></cbc:TaxTypeCode>
			</cac:TaxScheme>
		</cac:TaxCategory>
	</cac:TaxSubtotal>
</cac:TaxTotal>

	<cac:LegalMonetaryTotal>
		<cbc:PayableAmount currencyID=""></cbc:PayableAmount>
	</cac:LegalMonetaryTotal>
</CreditNote>